user_input,retrieved_contexts,response,reference,faithfulness,answer_relevancy
What were some important historical events that happened in Boston in 1919?,['The Boston Molasses Disaster and the Police Strike were key events in 1919.'],"A collection of newspaper articles from 'The Boston Traveler' captures various significant events in Boston in 1919, including the impactful Great Molasses Flood that occurred later that year, as well as other cultural and societal occurrences in early 20th century Boston.",The Boston Molasses Disaster and the Police Strike were key events in 1919.,0.3333333333333333,0.9317815141967868
What was the Great Fire of Boston in 1872?,"['The Great Fire of Boston in 1872 burned 65 acres of the city’s business district, causing heavy property loss.']","The Great Fire of Boston occurred on November 9-10, 1872, leading to extensive destruction. Various titles of images capture views of the ruins from different streets such as Devonshire St., Milk St., and Federal St., highlighting the significant impact of the fire on Boston's landscape. Items in the collections include stereographs and still images documenting the devastation and the response, such as fire engines. Notable references include the burnt district of Boston, with specific locations like Bachelder's Wharf and the Bucking and Vroom Company area. The images date from around 1872 to 1920, serving as historical records of this urban disaster.","The Great Fire of Boston in 1872 burned 65 acres of the city’s business district, causing heavy property loss.",0.08333333333333333,0.9210631091477809
What happened during the Boston Molasses Flood of 1919?,"['On January 15, 1919, a storage tank in Boston’s North End burst, releasing over two million gallons of molasses that flooded the streets, destroying buildings and killing 21 people. The event became known as the Great Molasses Flood.']","The Boston Evening Transcript features multiple reels of newspapers from 1919, published by the Boston Public Library, which likely contain reports and details about the Boston Molasses Flood that occurred on January 15, 1919.","On January 15, 1919, a storage tank in Boston’s North End burst, releasing over two million gallons of molasses that flooded the streets, destroying buildings and killing 21 people. The event became known as the Great Molasses Flood.",0.5,0.9126486882178778
Show me photographs from the 1919 Boston Police Strike.,"['The 1919 Boston Police Strike involved officers walking out to demand better wages and working conditions, leading to riots and deployment of the state militia. The BPL collection includes photos of striking officers and soldiers patrolling the city']","- Remarkable riot picture taken on Boston Common during one of the most severe crisis known to Boston in history. (1919): Image capturing roughnecks and hoodlums trying to run the city during the police strike.
- Police strike of 1919, state militia trucked in at Union Station (1919): Image showing state militia responding to the police strike, highlighting the involvement of law enforcement and military forces.
- Truck with militiamen at Union Station, police strike (1919): Image of militiamen in a truck at Union Station during the police strike.
- Militiaman guards Soldiers & Sailors monument, during police strike (1919): Image depicting a militiaman guarding the Soldiers & Sailors monument amidst the police strike.
- Flag raising ceremony on Boston Common, First Motor Corps, Mass. Nat. Guard. Poss. Police strike of 1919 (1919?): Image capturing a flag raising ceremony related to the First Motor Corps of the Massachusetts National Guard, possibly connected to the police strike.","The 1919 Boston Police Strike involved officers walking out to demand better wages and working conditions, leading to riots and deployment of the state militia. The BPL collection includes photos of striking officers and soldiers patrolling the city",0.0,0.945170113814437
Find postcards of Cape Cod from the early 1900s.,"['The collection features vintage postcards showing beaches, lighthouses, and seaside towns around Cape Cod from the early 20th century, capturing Massachusetts’ coastal heritage.']","- Cape Cod surf ([1935–1943]): Still image from the Massachusetts WPA Federal Art Project Photograph Collection.
- Cape Cod [Front cover] (1896): Leaf green cloth with gold stamped lettering and leaf design, part of the Fine and Historic Bookbindings Collection.
- Cape Cod [Spine and front cover] (1896): Similar design to the front cover, part of the Fine and Historic Bookbindings Collection.
- Cape Ann Breeze (October 14, 1901): Newspaper item related to Gloucester, Massachusetts, from the Boston Public Library.
- Cape Ann Breeze (April 27, 1901): Another newspaper item relevant to Gloucester, Massachusetts.
- Cape Ann Breeze (January 25, 1901): Newspaper item focused on Gloucester, Massachusetts.
- Cape Ann Breeze (June 27, 1901): Newspaper item from Gloucester, Massachusetts.
- Cape Ann Breeze (January 10, 1901): Newspaper item related to Gloucester, Massachusetts.
- Cape Ann Breeze (June 7, 1901): Another newspaper item from Gloucester, related to the region.
- Cape Ann Breeze (January 4, 1901): Newspaper item focused on Gloucester, Massachusetts.","The collection features vintage postcards showing beaches, lighthouses, and seaside towns around Cape Cod from the early 20th century, capturing Massachusetts’ coastal heritage.",0.0,0.8591864065197251
Are there photographs of John F. Kennedy’s house on Cape Cod?,"['Yes, the archive contains several images of the Kennedy family homes and compound in Hyannis Port, Massachusetts, including aerial views and portraits of President John F. Kennedy.']","The context features several historical house images located in Massachusetts, specifically in Cape Cod and Martha's Vineyard, which includes notable architectural styles and historic buildings. The descriptions detail houses from as early as 1713, emphasizing their historical significance and connection to the region.","Yes, the archive contains several images of the Kennedy family homes and compound in Hyannis Port, Massachusetts, including aerial views and portraits of President John F. Kennedy.",0.16666666666666666,0.8371811414980727
Show me depictions of women working in Boston during the early 1900s.,"['Photographs and illustrations from the BPL archive depict women working in factories, offices, and public spaces in Boston during the early 20th century, highlighting changing gender roles.']","- Unidentified woman ([ca. 1897–1900]): Woman in dress with lace collar. Part of 'Black Bostonians' series, possibly highlighting women's roles in the community.
- Public card catalogue rm. Centr. ([1900–1920]): Image of the public library's reading room, illustrating women's access to education and public resources.
- Third floor reading room, McKim building ([ca. 1900–December 3, 1927]): Showing the reading room of the Boston Public Library, might suggest the influence of women in educational spheres.
- Boston, Massachusetts. Public library. ([1902]): Image of the Boston Public Library, an important institution likely frequented by women for education and community engagement.
- Boston, Massachusetts. Public library. Decorations for 50th anniversary (1904): Celebratory decorations at the public library, indicating community involvement which could include women.","Photographs and illustrations from the BPL archive depict women working in factories, offices, and public spaces in Boston during the early 20th century, highlighting changing gender roles.",0.0,0.9106475358607039
Find materials related to abolitionist movements in Massachusetts.,"['The collection includes newspapers, pamphlets, and portraits connected to 19th-century abolitionist figures and organizations active in Massachusetts, such as anti-slavery societies and speeches from reformers.']","- Untitled (June 7, 1839): 
- Untitled (January 26, 1843): 
- Untitled (June 1839): 
- Untitled (January 27, 1841): 
- Untitled (February 18, 1841): 
- Untitled (December 30, 1835): 
- Untitled (November 2, 1837): 
- Untitled (June 1, 1855): 
- Untitled (January 31, 1839): 
- Untitled (March 19, 1848): ","The collection includes newspapers, pamphlets, and portraits connected to 19th-century abolitionist figures and organizations active in Massachusetts, such as anti-slavery societies and speeches from reformers.",0.0,0.7537616494673894
"Are there any maps of Worcester, Massachusetts from the 18th century?","['Several maps in the BPL collection show Worcester County and the broader Massachusetts area from the 1700s, including hand-drawn plans and early printed maps.']","Sorry, I couldn’t find direct answers, but here are related documents.","Several maps in the BPL collection show Worcester County and the broader Massachusetts area from the 1700s, including hand-drawn plans and early printed maps.",0.0,0.0
"Find old photographs of Beacon Hill, Boston.","['Historic photographs of Beacon Hill show its narrow streets, brick row houses, and landmarks such as the Massachusetts State House, reflecting the area’s architectural history.']","- 31 River Street, 63 1/2 to 65 Chestnut Street, Back Bay, Boston, Mass. (July 25, 1930): Historic buildings on 65 Chestnut Street, Beacon Hill, Boston.
- Beacon Hill, from Mt. Vernon St., near the head of Hancock St. (1858): Lithograph from an original watercolor drawing by John Ruebens Smith, depicting Beacon Hill.
- Beacon Hill, with Mr. Thurston's house. From Bowdoin St. (1858): Lithograph depicting Mr. Thurston's house on Beacon Hill.
- Beacon Hill, from Mount Vernon Street (1857): Copy photograph of a lithograph that shows Beacon Hill.
- Beacon Hill, with Mr. Thurston's house, from Bowdoin Street (ca. 1898): Copy photograph of a lithograph showing Mr. Thurston's house.","Historic photographs of Beacon Hill show its narrow streets, brick row houses, and landmarks such as the Massachusetts State House, reflecting the area’s architectural history.",0.0,0.9113585493193004
What was the Boston Tea Party and why did it happen?,"['The Boston Tea Party was a political protest in December 1773 where American colonists, frustrated by British taxation without representation, dumped chests of tea into Boston Harbor as an act of resistance against the Tea Act.']","The 'Salem Register' is a historical newspaper collection that includes issues from various dates in 1860, relevant to Massachusetts history during the period leading up to significant events related to American independence. It provides a local perspective on the social and political climate in Essex County and may contain information about the historical context of the Boston Tea Party in December 1773.","The Boston Tea Party was a political protest in December 1773 where American colonists, frustrated by British taxation without representation, dumped chests of tea into Boston Harbor as an act of resistance against the Tea Act.",0.0,0.7978510216485074
What events took place in Boston during the American Revolution?,"['The Boston Public Library collection includes accounts of key Revolutionary War events such as the Boston Massacre, the Boston Tea Party, and the Siege of Boston, which marked the early stages of the conflict.']","- Copy of the London Gazette from Saturday, October 6, to Tuesday, October 9, 1711 (Unknown): This document narrates the disastrous expedition against Quebec, relevant to the colonial history of Massachusetts.
- Destruction of the schooner Gaspé in the waters of Rhode Island 1772 ((c) 1856): This image depicts the destruction of the schooner Gaspé, involved in colonial maritime events.
- Daily Evening Transcript (Unknown): These newspaper entries provide a contemporary view of life in Boston during the period leading up to the Revolution.","The Boston Public Library collection includes accounts of key Revolutionary War events such as the Boston Massacre, the Boston Tea Party, and the Siege of Boston, which marked the early stages of the conflict.",0.0,0.8156485254342024
Who was Crispus Attucks and what was his role in American history?,"['Crispus Attucks was one of the first casualties of the American Revolution, killed during the Boston Massacre in 1770. He is remembered as an early symbol of the fight for liberty and civil rights.']","The South Boston Gazette, a historical newspaper, includes articles from various dates in 1850, covering topics related to Boston, Massachusetts, and early American history, which may provide context surrounding the events of the Boston Massacre and figures like Crispus Attucks.","Crispus Attucks was one of the first casualties of the American Revolution, killed during the Boston Massacre in 1770. He is remembered as an early symbol of the fight for liberty and civil rights.",0.0,0.7788408334852351
What caused the Great Fire of Boston in 1872?,"['The Great Fire of 1872 destroyed large portions of Boston’s downtown area, caused by a fire that began in a dry-goods store on Summer Street. The blaze spread quickly through wooden buildings before being contained by firefighters.']","The Great Fire of Boston occurred on November 9-10, 1872. The provided context includes various still images and descriptions of the ruins and affected locations in Boston after the fire, showcasing the destruction and aftermath. Specific locations affected included Federal Street and Arch Street, and various notes indicate the extent of the damage and the involvement of significant places like the Bucking and Vroom Company.","The Great Fire of 1872 destroyed large portions of Boston’s downtown area, caused by a fire that began in a dry-goods store on Summer Street. The blaze spread quickly through wooden buildings before being contained by firefighters.",0.16666666666666666,0.9009424981302443
Find newspaper articles about the abolitionist movement in Boston.,"['The BPL newspaper archives include articles, speeches, and letters by abolitionists such as William Lloyd Garrison and Frederick Douglass, published in 19th-century Boston papers advocating for the end of slavery.']","The context discusses various aspects of the antislavery movements in the United States during the 19th century, including the role of abolitionists, newsletters, and meetings. Notable figures such as Frederick Douglass and the American Anti-Slavery Society are highlighted, along with various societies and literary contributions that emerged during that time.","The BPL newspaper archives include articles, speeches, and letters by abolitionists such as William Lloyd Garrison and Frederick Douglass, published in 19th-century Boston papers advocating for the end of slavery.",0.375,0.8295448840189744
Are there any newspapers covering women’s suffrage in Massachusetts?,"['Yes, several early 20th-century newspapers document rallies, speeches, and campaigns by women’s rights activists in Massachusetts advocating for voting rights before the 19th Amendment.']","- Women's lib (Unknown): 
- National Woman's Party handbill: Equal representation, Washington, D.C., approximately 1923 ([ca. 1923]): 
- Alice Stone Blackwell ([1935–1943]): 
- Henry T. Schmittkind (The Stratford Company) typed letter signed to Zula Maud Woodhull, Boston, April 8, 1927 (April 8, 1927): 
- Basil King typed letter signed to [Victoria] Woodhull Martin, Cambridge, Mass., November 30, 1925 (November 30, 1925): 
- B.M. Leod autograph note signed to [Victoria Woodhull] Martin, Tenby, Wales, July 18, 1912 (July 18, 1912): 
- M. Townsend Wood autograph letter signed to [Victoria Woodhull Martin], Stoneham, Mass., February 14, 1896 (February 14, 1896): 
- M. Townsend Wood autograph letter signed to Victoria [Woodhull Martin], Stoneham, Mass., December 24, 1889 (December 24, 1889): 
- Jennie Leys autograph letter signed to [Victoria Woodhull] Martin, Melrose Highlands, Mass., May 5, 1897 (May 5, 1897): 
- Jennie Leys autograph letter signed to Victoria Woodhull Martin, Melrose Highlands, Mass., March 2, 1898 (March 2, 1898): ","Yes, several early 20th-century newspapers document rallies, speeches, and campaigns by women’s rights activists in Massachusetts advocating for voting rights before the 19th Amendment.",0.0,0.0
Find documents or letters from the Civil War era written by Massachusetts soldiers.,"['The collection contains personal letters, diaries, and reports written by Union soldiers from Massachusetts during the Civil War, offering firsthand accounts of battles and daily life at the front.']",Unexpected response format from model.,"The collection contains personal letters, diaries, and reports written by Union soldiers from Massachusetts during the Civil War, offering firsthand accounts of battles and daily life at the front.",0.0,0.0
Who was Phillis Wheatley and why is she significant in American literature?,"['Phillis Wheatley was the first African American woman to publish a book of poetry. Enslaved in Boston, she gained recognition in the 1770s for her literary talent and contributions to early American poetry.']","The collection includes letters and documents from notable 19th-century authors and corresponds with themes relevant to the significance of American literature during the Revolutionary War era. Although direct references to Phillis Wheatley are not found, the correspondence discusses the influence of various American poets, the role of women in literature, and expressions of literary identity which mirror Wheatley's contributions.","Phillis Wheatley was the first African American woman to publish a book of poetry. Enslaved in Boston, she gained recognition in the 1770s for her literary talent and contributions to early American poetry.",0.0,0.8079590589171955
What role did Frederick Douglass play in Massachusetts history?,"['Frederick Douglass lived in Massachusetts for several years, where he became an influential abolitionist and orator. The collection includes his speeches and writings advocating for emancipation and civil rights.']","The context includes several letters from the Anti-Slavery collection, highlighting correspondence between key abolitionists, such as Amos Augustus Phelps and others involved in the Massachusetts Abolition Society. Notable figures like Frederick Douglass may have connections through the shared goals and organizations mentioned.","Frederick Douglass lived in Massachusetts for several years, where he became an influential abolitionist and orator. The collection includes his speeches and writings advocating for emancipation and civil rights.",0.3333333333333333,0.7812262446646553
What did the Boston Public Library look like when it was built?,"['The Boston Public Library (BPL) was founded in 1848, but its most famous and architecturally significant building, the McKim Building in Copley Square, was completed in 1895. When it was built, it reflected the Beaux-Arts architectural style, which was highly popular for grand public buildings in the late 19th century.']","- Design for interior decoration, construction of the McKim Building ([ca. 1888–1895]): 
- Blagden St. exterior wall, construction of the McKim Building ([ca. 1888–1895]): 
- Southeast corner of Facade, showing arched second floor windows and cheneaux details, construction of the McKim Building ([ca. 1890–1895]): 
- Periodical room looking toward Boylston St., construction of the McKim Building ([ca. 1890–1895]): 
- Boston Public Library (August 1888–February 1895): 
- Boston Public Library building Copley Square (January 3, 1890–February 1895): 
- Dartmouth St. and Boylston St. sides, construction of the McKim Building ([ca. 1890–1895]): 
- Catalogue room looking towards Blagden St., construction of the McKim Building ([ca. 1888–1895]): 
- View of site from S.S. Pierce Building, construction of the McKim Building ([ca. 1888–1895]): ","The Boston Public Library (BPL) was founded in 1848, but its most famous and architecturally significant building, the McKim Building in Copley Square, was completed in 1895. When it was built, it reflected the Beaux-Arts architectural style, which was highly popular for grand public buildings in the late 19th century.",0.0,0.9166721205618362
Who was Andrew Craigie and what role did he play in Cambridge's development?,['Andrew Craigie was a speculator who attracted the Middlesex County courthouse and jail to East Cambridge by offering to donate new buildings in 1813.'],"The Essex Register includes various entries from 1827 that might not directly mention Andrew Craigie but are relevant for understanding the historical context of Cambridge, Essex County, Massachusetts. The records provide insights into local news and developments which could reflect on figures like Craigie involved in the area's historical narrative and real estate development in the 18th century.",Andrew Craigie was a speculator who attracted the Middlesex County courthouse and jail to East Cambridge by offering to donate new buildings in 1813.,0.14285714285714285,0.0
What significant infrastructure project opened in East Cambridge in 1809?,"[""East Cambridge was opened for development in 1809, when the Canal Bridge, adjacent to the present Museum of Science, was completed. The area was the city's major industrial center until the 1880s.""]","- Boston. West End and business district from East Cambridge (1928): 
- View of the bridge over Charles River, Massachusetts (1795): 
- Longfellow Bridge, looking toward Boston ([ca. 1930]): 
- Aerial view of Longfellow Bridge, Charles River and Cambridge ([ca. 1971]): ","East Cambridge was opened for development in 1809, when the Canal Bridge, adjacent to the present Museum of Science, was completed. The area was the city's major industrial center until the 1880s.",0.0,0.832522881461641
What was the significance of the New England Glass Company in Cambridge's history?,"['The New England Glass Company played a major role in Cambridge’s industrial history. Founded in 1818 in East Cambridge, it became one of the largest and most modern glassworks in the United States by the mid-19th century.']","The New England Glass Company and other glass manufacturing entities were significant in 19th century Cambridge, shaping the local economy and contributing to the city's glassmaking heritage, as depicted in various records and artifacts related to the industry.","The New England Glass Company played a major role in Cambridge’s industrial history. Founded in 1818 in East Cambridge, it became one of the largest and most modern glassworks in the United States by the mid-19th century.",0.2,0.9655870547151792
Who was Samuel Adams and what did he do in Boston?,"['Samuel Adams was a leading Patriot and political organizer in colonial Boston. He helped coordinate protests against British taxation, including the Boston Tea Party, and played a key role in forming the Sons of Liberty. Adams’ writings, speeches, and leadership galvanized public opinion in Boston and contributed to the city’s central role in the American Revolution.']","The records from the Daily Evening Transcript provide insights into Boston's historical context during the early 19th century, which may include mentions of figures like Samuel Adams and events related to the American Revolution, given the paper's focus on local news in Boston, Massachusetts.","Samuel Adams was a leading Patriot and political organizer in colonial Boston. He helped coordinate protests against British taxation, including the Boston Tea Party, and played a key role in forming the Sons of Liberty. Adams’ writings, speeches, and leadership galvanized public opinion in Boston and contributed to the city’s central role in the American Revolution.",0.0,0.0
What was the role of the Boston Navy Yard?,"['The Boston Navy Yard, established in 1801, was a major shipbuilding and repair facility for the U.S. Navy. It supported military operations during the War of 1812, the Civil War, and both World Wars. The yard attracted workers, stimulated local industry, and became an important economic and strategic asset for Boston, leaving a legacy in maritime infrastructure and naval history.']","The context includes various still images from the Boston Pictorial Archive and Stereograph Collection, featuring historical views of Boston, its harbors, and waterfronts, including Charlestown and East Boston. These locations are significant to naval history, which includes aspects of shipbuilding and maritime industry, especially during key periods such as the American Revolutionary War and the Civil War.","The Boston Navy Yard, established in 1801, was a major shipbuilding and repair facility for the U.S. Navy. It supported military operations during the War of 1812, the Civil War, and both World Wars. The yard attracted workers, stimulated local industry, and became an important economic and strategic asset for Boston, leaving a legacy in maritime infrastructure and naval history.",0.0,0.8237792602725049
What was the Old State House in Boston used for?,"['The Old State House, built in 1713, served as the seat of colonial government in Massachusetts. It was the site of key events, including the reading of the Declaration of Independence in 1776. The building also witnessed protests and unrest, such as the Boston Massacre in 1770. Today, it is a museum preserving the history of Boston and the American Revolution.']","The Old State House, built in 1713, served as a town house, court house, state house, and city hall. It was a pivotal site leading up to the American Revolution where the Declaration of Independence was read. Notable events include the inauguration of John Hancock as the first governor. The building retains its 18th-century architecture and houses a collection of historical photographs and relics related to Boston's colonial and Revolutionary history.","The Old State House, built in 1713, served as the seat of colonial government in Massachusetts. It was the site of key events, including the reading of the Declaration of Independence in 1776. The building also witnessed protests and unrest, such as the Boston Massacre in 1770. Today, it is a museum preserving the history of Boston and the American Revolution.",0.36363636363636365,0.9296634600373586
Who was Paul Revere and what was his significance?,"['Paul Revere was a silversmith, engraver, and Patriot activist in colonial Boston. He is best known for his midnight ride on April 18, 1775, warning of British troop movements before the battles of Lexington and Concord. Revere’s work as an artisan and messenger contributed to the American Revolution, and his engravings documented colonial life and political events.']","Sorry, I couldn’t find direct answers, but here are related documents.","Paul Revere was a silversmith, engraver, and Patriot activist in colonial Boston. He is best known for his midnight ride on April 18, 1775, warning of British troop movements before the battles of Lexington and Concord. Revere’s work as an artisan and messenger contributed to the American Revolution, and his engravings documented colonial life and political events.",0.0,0.0
What happened at the Boston Massacre?,"['On March 5, 1770, British soldiers fired into a crowd of colonists in Boston, killing five people, including Crispus Attucks. The incident heightened tensions between colonists and Britain, was widely publicized through engravings and pamphlets, and became a powerful symbol of colonial resistance, galvanizing support for independence.']","The Daily Evening Transcript includes various editions from 1835 and 1835, detailing events in Boston, Massachusetts, which could reflect civic sentiment and historical background related to the Boston Massacre and colonial unrest.","On March 5, 1770, British soldiers fired into a crowd of colonists in Boston, killing five people, including Crispus Attucks. The incident heightened tensions between colonists and Britain, was widely publicized through engravings and pamphlets, and became a powerful symbol of colonial resistance, galvanizing support for independence.",0.6,0.8412144795790507
Who were the Sons of Liberty?,"['The Sons of Liberty were a group of colonial activists in Boston who opposed British taxation and policies. They organized protests, including the Boston Tea Party, and resisted enforcement of unpopular laws. Their actions fostered unity among colonists and helped ignite revolutionary sentiment, playing a critical role in the events leading up to the American Revolution.']","Sorry, I couldn’t find direct answers, but here are related documents.","The Sons of Liberty were a group of colonial activists in Boston who opposed British taxation and policies. They organized protests, including the Boston Tea Party, and resisted enforcement of unpopular laws. Their actions fostered unity among colonists and helped ignite revolutionary sentiment, playing a critical role in the events leading up to the American Revolution.",0.0,0.0
What is Faneuil Hall’s historical significance?,"['Built in 1742, Faneuil Hall served as a marketplace and meeting hall in Boston. It was a site for revolutionary speeches, protests, and assemblies, including gatherings opposing British taxes. Faneuil Hall remains an iconic symbol of free speech, civic engagement, and Boston’s role in American independence.']","Faneuil Hall, located in Boston, Massachusetts, is a historic marketplace and civic center that has played a crucial role in American history. It is often referred to as the 'Cradle of Liberty' due to its significance as a meeting place for patriots during the American Revolution. The hall features various architectural styles from the 18th century and is depicted in numerous images across different periods, emphasizing its importance in events related to Boston's civic life. Items in collections date from as early as 1825 to the 20th century and include views of the interior and exterior, showcasing its function as a market and gathering place for citizens.","Built in 1742, Faneuil Hall served as a marketplace and meeting hall in Boston. It was a site for revolutionary speeches, protests, and assemblies, including gatherings opposing British taxes. Faneuil Hall remains an iconic symbol of free speech, civic engagement, and Boston’s role in American independence.",0.5454545454545454,0.9696931906334915
What was the Big Dig and why was it significant?,"['The Big Dig, officially called the Central Artery/Tunnel Project, was a massive infrastructure project in Boston that aimed to reduce traffic congestion by rerouting the elevated Central Artery (Interstate 93) underground. Construction began in 1991 and included building tunnels, bridges, and the Ted Williams Tunnel, as well as the Leonard P. Zakim Bunker Hill Memorial Bridge. The project also created the Rose Kennedy Greenway, a series of parks and public spaces replacing the old elevated highway.']",Unexpected response format from model.,"The Big Dig, officially called the Central Artery/Tunnel Project, was a massive infrastructure project in Boston that aimed to reduce traffic congestion by rerouting the elevated Central Artery (Interstate 93) underground. Construction began in 1991 and included building tunnels, bridges, and the Ted Williams Tunnel, as well as the Leonard P. Zakim Bunker Hill Memorial Bridge. The project also created the Rose Kennedy Greenway, a series of parks and public spaces replacing the old elevated highway.",,0.0
What happened at the Boston Marathon Bombings?,"['The Boston Marathon bombing, sometimes referred to as simply the Boston bombing, was an Islamist domestic terrorist attack that took place during the 117th annual Boston Marathon on April 15, 2013.']","Sorry, I couldn’t find direct answers, but here are related documents.","The Boston Marathon bombing, sometimes referred to as simply the Boston bombing, was an Islamist domestic terrorist attack that took place during the 117th annual Boston Marathon on April 15, 2013.",0.0,0.0
What was the history of the Boston Common?,"['Established in 1634, Boston Common is the oldest public park in the United States. It served as a pasture, military training ground, and site for public gatherings and protests. Over time, it became a central recreational and civic space, reflecting Boston’s urban development and social history.']","The documents detail several historical perspectives and images of Boston Common, a significant site in Boston's urban landscape, established in 1634. The collection includes items from various decades, showcasing its evolution and role in public events. Notable mentions include the 1920 image by Leon Abdalian and a 1904 view in the Boston Pictorial Archive. Boston Common is depicted as an essential public space, linking to broader themes in American urban park development.","Established in 1634, Boston Common is the oldest public park in the United States. It served as a pasture, military training ground, and site for public gatherings and protests. Over time, it became a central recreational and civic space, reflecting Boston’s urban development and social history.",0.4444444444444444,0.9234121897046731
Why is Boston named Boston?,"['Boston is named after Boston, Lincolnshire, in England. Early Puritan settlers from that English town founded the Massachusetts Bay Colony in 1630 and named their new settlement after their hometown. The name reflected the settlers’ desire to maintain a connection to their English roots while establishing a community based on their religious and social ideals in the New World.']","The retrieved information focuses on 'The Dorchester Beacon,' a newspaper that contains multiple issues from the 1890s, referencing Boston and Dorchester in Massachusetts, providing a historical context relevant to the origins and development of the area.","Boston is named after Boston, Lincolnshire, in England. Early Puritan settlers from that English town founded the Massachusetts Bay Colony in 1630 and named their new settlement after their hometown. The name reflected the settlers’ desire to maintain a connection to their English roots while establishing a community based on their religious and social ideals in the New World.",0.25,0.7838568315577963
What are some significant books written by Bostonians?,"['Boston has been home to many influential authors whose works shaped American literature. Notable examples include Ralph Waldo Emerson, who wrote Self-Reliance and essays on transcendentalism; Nathaniel Hawthorne, author of The Scarlet Letter; Louisa May Alcott, known for Little Women; and Henry David Thoreau, whose Walden reflects philosophical and naturalist ideas.']","The Daily Evening Traveller was a prominent newspaper published in Boston, Massachusetts, in the mid-19th century, with various editions released on dates such as June 25, July 5, July 28, August 8, September 3, September 14, September 27, September 29, and October 3 and 11 of 1855.","Boston has been home to many influential authors whose works shaped American literature. Notable examples include Ralph Waldo Emerson, who wrote Self-Reliance and essays on transcendentalism; Nathaniel Hawthorne, author of The Scarlet Letter; Louisa May Alcott, known for Little Women; and Henry David Thoreau, whose Walden reflects philosophical and naturalist ideas.",0.0,0.768420465016875
What first editions are held at the Boston Public Library?,"['The Boston Public Library holds first editions of major works, including Shakespeare’s plays, Little Women by Louisa May Alcott, Moby-Dick by Herman Melville, The Scarlet Letter by Nathaniel Hawthorne, and scientific texts like Newton’s Principia. It also houses rare religious texts and first editions of Walt Whitman’s works.']","The 'Daily Evening Traveller' is a historic newspaper from the Boston Public Library with various editions dated between January and July 1860, highlighting Boston's literary history and publications.","The Boston Public Library holds first editions of major works, including Shakespeare’s plays, Little Women by Louisa May Alcott, Moby-Dick by Herman Melville, The Scarlet Letter by Nathaniel Hawthorne, and scientific texts like Newton’s Principia. It also houses rare religious texts and first editions of Walt Whitman’s works.",0.0,0.756417390303827
